{"cameraMode":{"drawMode":0,"name":"Shaded","section":"Shading Mode"},"sceneLighting":true,"audioPlay":false,"sceneViewState":{"showFog":true,"showMaterialUpdate":false,"showSkybox":true,"showFlares":true,"showImageEffects":true,"showParticleSystems":true},"in2DMode":false,"pivot":{"x":1.5765728950500489,"y":1.5729260444641114,"z":-0.7830662727355957},"rotation":{"x":0.36534368991851809,"y":-0.10439964383840561,"z":0.04127546027302742,"w":0.9240784049034119},"size":0.1466996669769287,"orthographic":false}